{
  "MinTemp": {
    "min": -8.5,
    "max": 33.9,
    "mean": 12.18482386562048
  },
  "MaxTemp": {
    "min": -4.8,
    "max": 48.1,
    "mean": 23.235120301822324
  },
  "Rainfall": {
    "min": 0.0,
    "max": 371.0,
    "mean": 2.349974074310839
  },
  "Evaporation": {
    "min": 0.0,
    "max": 145.0,
    "mean": 5.472515506887154
  },
  "Sunshine": {
    "min": 0.0,
    "max": 14.5,
    "mean": 7.630539861047281
  },
  "WindGustSpeed": {
    "min": 6.0,
    "max": 135.0,
    "mean": 39.97051988882308
  },
  "WindSpeed9am": {
    "min": 0.0,
    "max": 130.0,
    "mean": 13.990496092519967
  },
  "WindSpeed3pm": {
    "min": 0.0,
    "max": 87.0,
    "mean": 18.631140782316862
  },
  "Humidity9am": {
    "min": 0.0,
    "max": 100.0,
    "mean": 68.82683277087672
  },
  "Humidity3pm": {
    "min": 0.0,
    "max": 100.0,
    "mean": 51.44928834695453
  },
  "Pressure9am": {
    "min": 980.5,
    "max": 1041.0,
    "mean": 1017.6545771543717
  },
  "Pressure3pm": {
    "min": 977.1,
    "max": 1039.6,
    "mean": 1015.2579625879797
  },
  "Cloud9am": {
    "min": 0.0,
    "max": 9.0,
    "mean": 4.431160817585808
  },
  "Cloud3pm": {
    "min": 0.0,
    "max": 9.0,
    "mean": 4.499250233195188
  },
  "Temp9am": {
    "min": -7.2,
    "max": 40.2,
    "mean": 16.98706638787991
  },
  "Temp3pm": {
    "min": -5.4,
    "max": 46.7,
    "mean": 21.69318269001107
  }
}